{"rows": 12, "cols": 22, "web_bounds": [[11.446514179789823, 105.41449680778163], [11.447610885791406, 105.4165074354512]], "scale": 1000, "has_mask": true, "layout": {"data_bytes": 528, "mask_bytes": 264}}