{"rows": 65, "cols": 98, "web_bounds": [[11.436165542467753, 105.41063152806744], [11.442099777188883, 105.41957852810853]], "scale": 1000, "has_mask": true, "layout": {"data_bytes": 12740, "mask_bytes": 6370}}