{"rows": 65, "cols": 65, "web_bounds": [[11.445799224977604, 105.41913524178382], [11.451717271134518, 105.42505328794074]], "scale": 1000, "has_mask": true, "layout": {"data_bytes": 8450, "mask_bytes": 4225}}