{"rows": 39, "cols": 44, "web_bounds": [[11.447627593518565, 105.41418734483975], [11.451181712553712, 105.41819712016145]], "scale": 1000, "has_mask": true, "layout": {"data_bytes": 3432, "mask_bytes": 1716}}