{"rows": 26, "cols": 29, "web_bounds": [[11.452716575035446, 105.41479248499627], [11.455085826229476, 105.41743511132807]], "scale": 1000, "has_mask": true, "layout": {"data_bytes": 1508, "mask_bytes": 754}}