{"rows": 43, "cols": 80, "web_bounds": [[11.44543975193823, 105.41638442032826], [11.449369890546777, 105.4236963061116]], "scale": 1000, "has_mask": true, "layout": {"data_bytes": 6880, "mask_bytes": 3440}}