{"rows": 34, "cols": 46, "web_bounds": [[11.449723337943091, 105.41442142574186], [11.452825472777803, 105.41861843169471]], "scale": 1000, "has_mask": true, "layout": {"data_bytes": 3128, "mask_bytes": 1564}}