{"rows": 24, "cols": 34, "web_bounds": [[11.449459461743379, 105.41442103084303], [11.451649818507619, 105.41752403625904]], "scale": 1000, "has_mask": true, "layout": {"data_bytes": 1632, "mask_bytes": 816}}