{"rows": 43, "cols": 60, "web_bounds": [[11.446714313490979, 105.41473609005047], [11.450638323579431, 105.4202114529646]], "scale": 1000, "has_mask": true, "layout": {"data_bytes": 5160, "mask_bytes": 2580}}