{"rows": 42, "cols": 28, "web_bounds": [[11.463931004644655, 105.41572565804009], [11.46774540664081, 105.4182685927042]], "scale": 1000, "has_mask": true, "layout": {"data_bytes": 2352, "mask_bytes": 1176}}