{"rows": 46, "cols": 52, "web_bounds": [[11.449160172643655, 105.4140979035622], [11.453352281071028, 105.41883680874096]], "scale": 1000, "has_mask": true, "layout": {"data_bytes": 4784, "mask_bytes": 2392}}