{"rows": 34, "cols": 52, "web_bounds": [[11.447081242534534, 105.41510332430632], [11.450185628771269, 105.41985120913897]], "scale": 1000, "has_mask": true, "layout": {"data_bytes": 3536, "mask_bytes": 1768}}