{"rows": 51, "cols": 72, "web_bounds": [[11.447790535899335, 105.41620450394146], [11.452444939086819, 105.42277542608849]], "scale": 1000, "has_mask": true, "layout": {"data_bytes": 7344, "mask_bytes": 3672}}