{"rows": 33, "cols": 64, "web_bounds": [[11.448346737630557, 105.41354665617857], [11.451363490330781, 105.41939732808203]], "scale": 1000, "has_mask": true, "layout": {"data_bytes": 4224, "mask_bytes": 2112}}