{"rows": 69, "cols": 141, "web_bounds": [[11.446774888781949, 105.41216914066023], [11.453083695455165, 105.42506104994897]], "scale": 1000, "has_mask": true, "layout": {"data_bytes": 19458, "mask_bytes": 9729}}