{"rows": 22, "cols": 24, "web_bounds": [[11.449640949090504, 105.41753833489649], [11.4516453862445, 105.41972499360995]], "scale": 1000, "has_mask": true, "layout": {"data_bytes": 1056, "mask_bytes": 528}}