{"rows": 26, "cols": 40, "web_bounds": [[11.441710321680942, 105.41421480804017], [11.444084310774116, 105.41786709895274]], "scale": 1000, "has_mask": true, "layout": {"data_bytes": 2080, "mask_bytes": 1040}}