{"rows": 29, "cols": 38, "web_bounds": [[11.448716662938619, 105.41455563291923], [11.451362063042627, 105.41802201926241]], "scale": 1000, "has_mask": true, "layout": {"data_bytes": 2204, "mask_bytes": 1102}}