{"rows": 32, "cols": 61, "web_bounds": [[11.47025115145911, 105.41225091104052], [11.473176434814492, 105.41782723243672]], "scale": 1000, "has_mask": true, "layout": {"data_bytes": 3904, "mask_bytes": 1952}}