{"rows": 30, "cols": 33, "web_bounds": [[11.447223118089425, 105.41843996696798], [11.449956583564356, 105.4214467789904]], "scale": 1000, "has_mask": true, "layout": {"data_bytes": 1980, "mask_bytes": 990}}