{"rows": 38, "cols": 57, "web_bounds": [[11.446989529360902, 105.41381971673972], [11.450458751825805, 105.41902355043707]], "scale": 1000, "has_mask": true, "layout": {"data_bytes": 4332, "mask_bytes": 2166}}