{"rows": 17, "cols": 33, "web_bounds": [[11.451361676739182, 105.41451547358636], [11.45291577781635, 105.41753225803028]], "scale": 1000, "has_mask": true, "layout": {"data_bytes": 1122, "mask_bytes": 561}}