{"rows": 38, "cols": 59, "web_bounds": [[11.446081385399655, 105.41601863970037], [11.449551282053205, 105.42140611082036]], "scale": 1000, "has_mask": true, "layout": {"data_bytes": 4484, "mask_bytes": 2242}}