{"rows": 41, "cols": 130, "web_bounds": [[11.450956546975341, 105.41272536229509], [11.454710748986425, 105.42462892964731]], "scale": 1000, "has_mask": true, "layout": {"data_bytes": 10660, "mask_bytes": 5330}}