{"rows": 26, "cols": 35, "web_bounds": [[11.443506191758512, 105.42448511159911], [11.445878299147013, 105.42767833308363]], "scale": 1000, "has_mask": true, "layout": {"data_bytes": 1820, "mask_bytes": 910}}