{"rows": 24, "cols": 33, "web_bounds": [[11.447500811949041, 105.4145899326727], [11.449690760100383, 105.41760111138079]], "scale": 1000, "has_mask": true, "layout": {"data_bytes": 1584, "mask_bytes": 792}}