{"rows": 35, "cols": 52, "web_bounds": [[11.444953792925984, 105.41770323616316], [11.44814893303565, 105.42245030146896]], "scale": 1000, "has_mask": true, "layout": {"data_bytes": 3640, "mask_bytes": 1820}}