{"rows": 36, "cols": 74, "web_bounds": [[11.448973660419266, 105.41519777024217], [11.45226550233398, 105.42196433417797]], "scale": 1000, "has_mask": true, "layout": {"data_bytes": 5328, "mask_bytes": 2664}}