{"rows": 12, "cols": 17, "web_bounds": [[11.448544584270953, 105.41739736637604], [11.44963975849807, 105.41894886319778]], "scale": 1000, "has_mask": true, "layout": {"data_bytes": 408, "mask_bytes": 204}}