{"rows": 61, "cols": 75, "web_bounds": [[11.447263939285552, 105.41395948733712], [11.452826121848572, 105.42079823639001]], "scale": 1000, "has_mask": true, "layout": {"data_bytes": 9150, "mask_bytes": 4575}}