{"rows": 44, "cols": 62, "web_bounds": [[11.447527029869166, 105.41482895239716], [11.451542543066942, 105.42048717553948]], "scale": 1000, "has_mask": true, "layout": {"data_bytes": 5456, "mask_bytes": 2728}}