{"rows": 46, "cols": 56, "web_bounds": [[11.447435172015531, 105.41739577566895], [11.451629326725918, 105.42250170314246]], "scale": 1000, "has_mask": true, "layout": {"data_bytes": 5152, "mask_bytes": 2576}}