{"rows": 28, "cols": 36, "web_bounds": [[11.447903717383666, 105.41464612510511], [11.450457583622164, 105.41792966741174]], "scale": 1000, "has_mask": true, "layout": {"data_bytes": 2016, "mask_bytes": 1008}}