{"rows": 24, "cols": 38, "web_bounds": [[11.441892583021303, 105.41421507099113], [11.444084310774116, 105.41768530659975]], "scale": 1000, "has_mask": true, "layout": {"data_bytes": 1824, "mask_bytes": 912}}