{"rows": 60, "cols": 38, "web_bounds": [[11.441982976160524, 105.41421520246828], [11.447430405262786, 105.41766524089972]], "scale": 1000, "has_mask": true, "layout": {"data_bytes": 4560, "mask_bytes": 2280}}