{"rows": 44, "cols": 57, "web_bounds": [[11.449156683640174, 105.4150146789292], [11.453170111863326, 105.42021389276373]], "scale": 1000, "has_mask": true, "layout": {"data_bytes": 5016, "mask_bytes": 2508}}