{"rows": 22, "cols": 28, "web_bounds": [[11.453256413304013, 105.41745196191388], [11.455262913137235, 105.42000568897434]], "scale": 1000, "has_mask": true, "layout": {"data_bytes": 1232, "mask_bytes": 616}}