{"rows": 33, "cols": 51, "web_bounds": [[11.448530830594276, 105.41373027354993], [11.451544100995639, 105.4183871459884]], "scale": 1000, "has_mask": true, "layout": {"data_bytes": 3366, "mask_bytes": 1683}}