{"rows": 80, "cols": 116, "web_bounds": [[11.447051717743316, 105.40987761130441], [11.454353005899279, 105.42046447913056]], "scale": 1000, "has_mask": true, "layout": {"data_bytes": 18560, "mask_bytes": 9280}}