{"rows": 71, "cols": 68, "web_bounds": [[11.445079567243441, 105.41519210075516], [11.451542022838083, 105.4213814948458]], "scale": 1000, "has_mask": true, "layout": {"data_bytes": 9656, "mask_bytes": 4828}}