{"rows": 56, "cols": 82, "web_bounds": [[11.444895163555076, 105.41354166603527], [11.45000696587858, 105.42102680515184]], "scale": 1000, "has_mask": true, "layout": {"data_bytes": 9184, "mask_bytes": 4592}}