{"rows": 61, "cols": 130, "web_bounds": [[11.447236562427287, 105.41015303272786], [11.45281522559517, 105.42204198702007]], "scale": 1000, "has_mask": true, "layout": {"data_bytes": 15860, "mask_bytes": 7930}}