{"rows": 17, "cols": 26, "web_bounds": [[11.453620132638743, 105.41754417141243], [11.455172347370652, 105.41991814688477]], "scale": 1000, "has_mask": true, "layout": {"data_bytes": 884, "mask_bytes": 442}}