{"rows": 25, "cols": 32, "web_bounds": [[11.451358938144532, 105.41460715182714], [11.453639127368785, 105.41752579403419]], "scale": 1000, "has_mask": true, "layout": {"data_bytes": 1600, "mask_bytes": 800}}