{"rows": 21, "cols": 28, "web_bounds": [[11.446140832636171, 105.41898843154345], [11.448056663238326, 105.42154287234632]], "scale": 1000, "has_mask": true, "layout": {"data_bytes": 1176, "mask_bytes": 588}}