{"rows": 21, "cols": 23, "web_bounds": [[11.438290251170574, 105.40852602055274], [11.440203590282556, 105.41062158243729]], "scale": 1000, "has_mask": true, "layout": {"data_bytes": 966, "mask_bytes": 483}}