{"rows": 22, "cols": 29, "web_bounds": [[11.453244098319994, 105.44631917938067], [11.455251037101513, 105.44896468959267]], "scale": 1000, "has_mask": true, "layout": {"data_bytes": 1276, "mask_bytes": 638}}