{"rows": 95, "cols": 107, "web_bounds": [[11.489362133615117, 105.4197495281419], [11.49801907079106, 105.42949997317166]], "scale": 1000, "has_mask": true, "layout": {"data_bytes": 20330, "mask_bytes": 10165}}