{"rows": 66, "cols": 107, "web_bounds": [[11.447057654504825, 105.41125276459465], [11.453084985862983, 105.42102434725106]], "scale": 1000, "has_mask": true, "layout": {"data_bytes": 14124, "mask_bytes": 7062}}