{"rows": 31, "cols": 39, "web_bounds": [[11.449349517277494, 105.4140981666149], [11.452176626795037, 105.41765485278214]], "scale": 1000, "has_mask": true, "layout": {"data_bytes": 2418, "mask_bytes": 1209}}