{"rows": 43, "cols": 69, "web_bounds": [[11.447614174127063, 105.41565417743675], [11.45154137190563, 105.42195595991863]], "scale": 1000, "has_mask": true, "layout": {"data_bytes": 5934, "mask_bytes": 2967}}