{"rows": 39, "cols": 47, "web_bounds": [[11.448712541407962, 105.41327214933489], [11.452268228584273, 105.41755720823967]], "scale": 1000, "has_mask": true, "layout": {"data_bytes": 3666, "mask_bytes": 1833}}