{"rows": 34, "cols": 39, "web_bounds": [[11.44889655410764, 105.41437254135111], [11.451995367443168, 105.4179270625301]], "scale": 1000, "has_mask": true, "layout": {"data_bytes": 2652, "mask_bytes": 1326}}