{"rows": 72, "cols": 133, "web_bounds": [[11.448132685297933, 105.41143768628062], [11.454712557430064, 105.42359217230248]], "scale": 1000, "has_mask": true, "layout": {"data_bytes": 19152, "mask_bytes": 9576}}