{"rows": 60, "cols": 82, "web_bounds": [[11.447605901502518, 105.41437069892991], [11.453080586753769, 105.42185276877329]], "scale": 1000, "has_mask": true, "layout": {"data_bytes": 9840, "mask_bytes": 4920}}