{"rows": 40, "cols": 66, "web_bounds": [[11.447347736128757, 105.41372856543002], [11.451001491249182, 105.41975726137872]], "scale": 1000, "has_mask": true, "layout": {"data_bytes": 5280, "mask_bytes": 2640}}