{"rows": 23, "cols": 23, "web_bounds": [[11.451353192716269, 105.42212476377134], [11.453447504934978, 105.42421907599005]], "scale": 1000, "has_mask": true, "layout": {"data_bytes": 1058, "mask_bytes": 529}}