{"rows": 20, "cols": 34, "web_bounds": [[11.451359903167692, 105.41451547358636], [11.453187082629666, 105.41762167867172]], "scale": 1000, "has_mask": true, "layout": {"data_bytes": 1360, "mask_bytes": 680}}