{"rows": 33, "cols": 35, "web_bounds": [[11.439215425193408, 105.45088090911892], [11.44222143355247, 105.45406909980278]], "scale": 1000, "has_mask": true, "layout": {"data_bytes": 2310, "mask_bytes": 1155}}