{"rows": 374, "cols": 514, "web_bounds": [[11.632310216301526, 105.31602375574995], [11.666449973152595, 105.3629431007271]], "scale": 1000, "has_mask": true, "layout": {"data_bytes": 384472, "mask_bytes": 192236}}