{"rows": 20, "cols": 34, "web_bounds": [[11.451265428272794, 105.41735736594737], [11.453092606432774, 105.42046356881933]], "scale": 1000, "has_mask": true, "layout": {"data_bytes": 1360, "mask_bytes": 680}}