{"rows": 38, "cols": 52, "web_bounds": [[11.448528947148132, 105.41373027354993], [11.45199627576897, 105.41847503903108]], "scale": 1000, "has_mask": true, "layout": {"data_bytes": 3952, "mask_bytes": 1976}}