{"rows": 159, "cols": 231, "web_bounds": [[11.43740355782977, 105.40665523653789], [11.45191573940891, 105.42773897203966]], "scale": 1000, "has_mask": true, "layout": {"data_bytes": 73458, "mask_bytes": 36729}}