{"rows": 26, "cols": 32, "web_bounds": [[11.44736345866103, 105.41455365806472], [11.449734233893068, 105.41747153527338]], "scale": 1000, "has_mask": true, "layout": {"data_bytes": 1664, "mask_bytes": 832}}