{"rows": 42, "cols": 43, "web_bounds": [[11.443781617736136, 105.4175181606578], [11.447606585091837, 105.42143419866484]], "scale": 1000, "has_mask": true, "layout": {"data_bytes": 3612, "mask_bytes": 1806}}