{"rows": 61, "cols": 93, "web_bounds": [[11.447960858876332, 105.41602141402151], [11.453530418961144, 105.42451271054426]], "scale": 1000, "has_mask": true, "layout": {"data_bytes": 11346, "mask_bytes": 5673}}