{"rows": 32, "cols": 76, "web_bounds": [[11.449610012113457, 105.41455694962764], [11.45253771731569, 105.42151024948295]], "scale": 1000, "has_mask": true, "layout": {"data_bytes": 4864, "mask_bytes": 2432}}