{"rows": 30, "cols": 32, "web_bounds": [[11.448810546421665, 105.41418905489525], [11.451543452361422, 105.41710415456431]], "scale": 1000, "has_mask": true, "layout": {"data_bytes": 1920, "mask_bytes": 960}}