{"rows": 68, "cols": 93, "web_bounds": [[11.44597187077842, 105.41446000694157], [11.452176107456015, 105.42294521298592]], "scale": 1000, "has_mask": true, "layout": {"data_bytes": 12648, "mask_bytes": 6324}}