{"rows": 58, "cols": 92, "web_bounds": [[11.446700111980755, 105.4132692619337], [11.45199692371124, 105.42167110123033]], "scale": 1000, "has_mask": true, "layout": {"data_bytes": 10672, "mask_bytes": 5336}}