{"rows": 34, "cols": 43, "web_bounds": [[11.44368546250125, 105.42201013802945], [11.446786227527745, 105.42593169379825]], "scale": 1000, "has_mask": true, "layout": {"data_bytes": 2924, "mask_bytes": 1462}}