{"rows": 54, "cols": 63, "web_bounds": [[11.44716425863511, 105.4139116564691], [11.452086451341843, 105.41965421462696]], "scale": 1000, "has_mask": true, "layout": {"data_bytes": 6804, "mask_bytes": 3402}}