{"rows": 50, "cols": 52, "web_bounds": [[11.447532914319503, 105.41354547415806], [11.452086969987153, 105.41828169205242]], "scale": 1000, "has_mask": true, "layout": {"data_bytes": 5200, "mask_bytes": 2600}}