{"rows": 28, "cols": 30, "web_bounds": [[11.449715099634991, 105.41492379214131], [11.45226589257401, 105.41765678457597]], "scale": 1000, "has_mask": true, "layout": {"data_bytes": 1680, "mask_bytes": 840}}