{"rows": 45, "cols": 63, "web_bounds": [[11.447615497419624, 105.41574585446462], [11.451722111497627, 105.42149511417382]], "scale": 1000, "has_mask": true, "layout": {"data_bytes": 5670, "mask_bytes": 2835}}