{"rows": 43, "cols": 39, "web_bounds": [[11.443693773407324, 105.41751802811082], [11.447606585091837, 105.42106685731305]], "scale": 1000, "has_mask": true, "layout": {"data_bytes": 3354, "mask_bytes": 1677}}