{"rows": 31, "cols": 50, "web_bounds": [[11.44880321514966, 105.41373066775803], [11.451634535951424, 105.4182973142125]], "scale": 1000, "has_mask": true, "layout": {"data_bytes": 3100, "mask_bytes": 1550}}