{"rows": 37, "cols": 47, "web_bounds": [[11.448637189584167, 105.41432816883703], [11.452011688155277, 105.41861469404898]], "scale": 1000, "has_mask": true, "layout": {"data_bytes": 3478, "mask_bytes": 1739}}