{"rows": 36, "cols": 41, "web_bounds": [[11.447991861626619, 105.41372948516364], [11.451272796124929, 105.41746610500894]], "scale": 1000, "has_mask": true, "layout": {"data_bytes": 2952, "mask_bytes": 1476}}