{"rows": 41, "cols": 52, "web_bounds": [[11.444817386712106, 105.41592511430363], [11.448556627980997, 105.42066756664467]], "scale": 1000, "has_mask": true, "layout": {"data_bytes": 4264, "mask_bytes": 2132}}