{"rows": 46, "cols": 70, "web_bounds": [[11.430006036967464, 105.42886526489515], [11.434205788315925, 105.4352561908602]], "scale": 1000, "has_mask": true, "layout": {"data_bytes": 6440, "mask_bytes": 3220}}