{"rows": 35, "cols": 59, "web_bounds": [[11.4487980898641, 105.41428073231937], [11.451995497290184, 105.41967064769477]], "scale": 1000, "has_mask": true, "layout": {"data_bytes": 4130, "mask_bytes": 2065}}