{"rows": 43, "cols": 145, "web_bounds": [[11.448330801372279, 105.41299659243752], [11.452268617014328, 105.42627527309095]], "scale": 1000, "has_mask": true, "layout": {"data_bytes": 12470, "mask_bytes": 6235}}